{"cameraMode":{"drawMode":0,"name":"Shaded","section":"Shading Mode"},"sceneLighting":true,"audioPlay":false,"sceneViewState":{"showFog":true,"showMaterialUpdate":false,"showSkybox":true,"showFlares":true,"showImageEffects":true,"showParticleSystems":true},"in2DMode":false,"pivot":{"x":36.8282470703125,"y":21.234375,"z":15.203125},"rotation":{"x":0.32772746682167055,"y":-0.004251603502780199,"z":0.001476850127801299,"w":0.9447706937789917},"size":82.10873413085938,"orthographic":true}