{"cameraMode":{"drawMode":0,"name":"Shaded","section":"Shading Mode"},"sceneLighting":true,"audioPlay":false,"sceneViewState":{"showFog":true,"showMaterialUpdate":false,"showSkybox":true,"showFlares":true,"showImageEffects":true,"showParticleSystems":true},"in2DMode":false,"pivot":{"x":17.90999984741211,"y":11.910000801086426,"z":2.2799997329711916},"rotation":{"x":0.06535157561302185,"y":0.001496503478847444,"z":-0.00010011414269683883,"w":0.9978647232055664},"size":70.00358581542969,"orthographic":true}