{"cameraMode":{"drawMode":0,"name":"Shaded","section":"Shading Mode"},"sceneLighting":true,"audioPlay":false,"sceneViewState":{"showFog":true,"showMaterialUpdate":false,"showSkybox":true,"showFlares":true,"showImageEffects":true,"showParticleSystems":true},"in2DMode":false,"pivot":{"x":45.612884521484378,"y":42.03533935546875,"z":0.0},"rotation":{"x":0.22894185781478883,"y":-0.00876084715127945,"z":0.002060576342046261,"w":0.9733983874320984},"size":163.33944702148438,"orthographic":true}